set,old cell_acc,old dropped,old not_cell_rejected,new cell_acc,new dropped,new not_cell_rejected,new+TTA cell_acc,new+TTA dropped,new+TTA not_cell_rejected
clean (high+low-light photos),0.96,0.003,0.611,0.959,0.002,0.59,0.956,0.004,0.622
dark s1,0.617,0.175,,0.725,0.079,,0.658,0.197,
dark s3,0.223,0.292,,0.274,0.243,,0.281,0.299,
side_light s1,0.938,0.002,,0.932,0.002,,0.96,0.002,
side_light s3,0.934,0.005,,0.929,0.003,,0.961,0.004,
shadow s1,0.96,0.004,,0.961,0.002,,0.959,0.004,
shadow s3,0.942,0.004,,0.94,0.003,,0.935,0.005,
blur s1,0.963,0.003,,0.96,0.002,,0.959,0.003,
blur s3,0.839,0.067,,0.869,0.043,,0.852,0.062,
glasses s1,0.959,0.004,,0.96,0.002,,0.955,0.003,
glasses s3,0.919,0.009,,0.922,0.008,,0.922,0.012,
color_temp s1,0.963,0.003,,0.963,0.002,,0.956,0.004,
color_temp s3,0.962,0.003,,0.96,0.001,,0.955,0.004,
glare s1,0.962,0.003,,0.962,0.002,,0.956,0.004,
glare s3,0.871,0.061,,0.871,0.056,,0.855,0.071,
