set,old@0.25 F1,old@0.25 R,old@best F1,old@best R,new@0.25 F1,new@0.25 R,new@best F1,new@best R,old@0.25 FP/img,old@0.25 imgs with any box,old@best FP/img,old@best imgs with any box,new@0.25 FP/img,new@0.25 imgs with any box,new@best FP/img,new@best imgs with any box
clean,0.858,0.933,0.85,0.822,0.916,0.964,0.906,0.879,,,,,,,,
neg,,,,,,,,,58.96,28.0,21.04,27.0,9.61,9.0,1.93,3.0
dark_s1,0.114,0.063,0.037,0.019,0.84,0.925,0.799,0.7,,,,,,,,
dark_s2,0.193,0.109,0.048,0.025,0.816,0.872,0.726,0.584,,,,,,,,
dark_s3,0.021,0.011,0.002,0.001,0.588,0.551,0.392,0.247,,,,,,,,
side_light_s1,0.74,0.822,0.678,0.619,0.823,0.892,0.786,0.747,,,,,,,,
side_light_s2,0.699,0.778,0.646,0.603,0.821,0.892,0.779,0.741,,,,,,,,
side_light_s3,0.695,0.782,0.638,0.594,0.813,0.886,0.772,0.736,,,,,,,,
shadow_s1,0.859,0.933,0.854,0.826,0.913,0.963,0.905,0.877,,,,,,,,
shadow_s2,0.853,0.931,0.854,0.831,0.915,0.964,0.904,0.876,,,,,,,,
shadow_s3,0.853,0.932,0.845,0.825,0.906,0.95,0.889,0.846,,,,,,,,
blur_s1,0.857,0.938,0.849,0.832,0.907,0.954,0.907,0.888,,,,,,,,
blur_s2,0.83,0.907,0.799,0.757,0.852,0.943,0.885,0.876,,,,,,,,
blur_s3,0.78,0.765,0.678,0.567,0.807,0.921,0.813,0.785,,,,,,,,
glasses_s1,0.853,0.936,0.845,0.825,0.909,0.959,0.915,0.899,,,,,,,,
glasses_s2,0.832,0.92,0.82,0.799,0.874,0.938,0.888,0.871,,,,,,,,
glasses_s3,0.81,0.883,0.783,0.74,0.825,0.924,0.85,0.84,,,,,,,,
color_temp_s1,0.771,0.892,0.793,0.881,0.913,0.978,0.928,0.918,,,,,,,,
color_temp_s2,0.812,0.898,0.763,0.752,0.897,0.945,0.883,0.843,,,,,,,,
color_temp_s3,0.789,0.857,0.702,0.67,0.895,0.948,0.887,0.85,,,,,,,,
glare_s1,0.836,0.903,0.836,0.804,0.903,0.959,0.902,0.881,,,,,,,,
glare_s2,0.779,0.792,0.76,0.687,0.88,0.927,0.858,0.803,,,,,,,,
glare_s3,0.769,0.763,0.757,0.679,0.851,0.84,0.832,0.756,,,,,,,,
